{
  "basis": "dct",
  "dim": 1,
  "1d": {
    "11": [
      [
        0.3015113446,
        0.3015113446,
        0.3015113446,
        0.3015113446,
        0.3015113446,
        0.3015113446,
        0.3015113446,
        0.3015113446,
        0.3015113446,
        0.3015113446,
        0.3015113446
      ],
      [
        0.4220612809,
        0.3878683861,
        0.3222527013,
        0.2305300191,
        0.1201311659,
        0.0,
        -0.1201311659,
        -0.2305300191,
        -0.3222527013,
        -0.3878683861,
        -0.4220612809
      ],
      [
        0.4091291786,
        0.2792335552,
        0.0606832509,
        -0.1771335567,
        -0.3587117117,
        -0.4264014327,
        -0.3587117117,
        -0.1771335567,
        0.0606832509,
        0.2792335552,
        0.4091291786
      ],
      [
        0.3878683861,
        0.1201311659,
        -0.2305300191,
        -0.4220612809,
        -0.3222527013,
        -0.0,
        0.3222527013,
        0.4220612809,
        0.2305300191,
        -0.1201311659,
        -0.3878683861
      ],
      [
        0.3587117117,
        -0.0606832509,
        -0.4091291786,
        -0.2792335552,
        0.1771335567,
        0.4264014327,
        0.1771335567,
        -0.2792335552,
        -0.4091291786,
        -0.0606832509,
        0.3587117117
      ],
      [
        0.3222527013,
        -0.2305300191,
        -0.3878683861,
        0.1201311659,
        0.4220612809,
        0.0,
        -0.4220612809,
        -0.1201311659,
        0.3878683861,
        0.2305300191,
        -0.3222527013
      ],
      [
        0.2792335552,
        -0.3587117117,
        -0.1771335567,
        0.4091291786,
        0.0606832509,
        -0.4264014327,
        0.0606832509,
        0.4091291786,
        -0.1771335567,
        -0.3587117117,
        0.2792335552
      ],
      [
        0.2305300191,
        -0.4220612809,
        0.1201311659,
        0.3222527013,
        -0.3878683861,
        -0.0,
        0.3878683861,
        -0.3222527013,
        -0.1201311659,
        0.4220612809,
        -0.2305300191
      ],
      [
        0.1771335567,
        -0.4091291786,
        0.3587117117,
        -0.0606832509,
        -0.2792335552,
        0.4264014327,
        -0.2792335552,
        -0.0606832509,
        0.3587117117,
        -0.4091291786,
        0.1771335567
      ],
      [
        0.1201311659,
        -0.3222527013,
        0.4220612809,
        -0.3878683861,
        0.2305300191,
        0.0,
        -0.2305300191,
        0.3878683861,
        -0.4220612809,
        0.3222527013,
        -0.1201311659
      ],
      [
        0.0606832509,
        -0.1771335567,
        0.2792335552,
        -0.3587117117,
        0.4091291786,
        -0.4264014327,
        0.4091291786,
        -0.3587117117,
        0.2792335552,
        -0.1771335567,
        0.0606832509
      ]
    ],
    "5": [
      [
        0.4472135955,
        0.4472135955,
        0.4472135955,
        0.4472135955,
        0.4472135955
      ],
      [
        0.601500955,
        0.3717480345,
        0.0,
        -0.3717480345,
        -0.601500955
      ],
      [
        0.5116672736,
        -0.1954395076,
        -0.632455532,
        -0.1954395076,
        0.5116672736
      ],
      [
        0.3717480345,
        -0.601500955,
        -0.0,
        0.601500955,
        -0.3717480345
      ],
      [
        0.1954395076,
        -0.5116672736,
        0.632455532,
        -0.5116672736,
        0.1954395076
      ]
    ],
    "3": [
      [
        0.5773502692,
        0.5773502692,
        0.5773502692
      ],
      [
        0.7071067812,
        0.0,
        -0.7071067812
      ],
      [
        0.4082482905,
        -0.8164965809,
        0.4082482905
      ]
    ]
  },
  "info": "Explicit 1-D orthonormal basis vectors for dct. Use outer-product to form 2-D kernels when needed."
}