{
  "basis": "haar",
  "dim": 1,
  "1d": {
    "11": [
      [
        -0.3015113446,
        -0.3015113446,
        -0.3015113446,
        -0.3015113446,
        -0.3015113446,
        -0.3015113446,
        -0.3015113446,
        -0.3015113446,
        -0.3015113446,
        -0.3015113446,
        -0.3015113446
      ],
      [
        -0.3302891295,
        -0.3302891295,
        -0.3302891295,
        -0.3302891295,
        -0.3302891295,
        0.2752409413,
        0.2752409413,
        0.2752409413,
        0.2752409413,
        0.2752409413,
        0.2752409413
      ],
      [
        0.5477225575,
        0.5477225575,
        -0.3651483717,
        -0.3651483717,
        -0.3651483717,
        -0.0,
        -0.0,
        -0.0,
        -0.0,
        -0.0,
        -0.0
      ],
      [
        -0.7071067812,
        0.7071067812,
        0.0,
        0.0,
        0.0,
        0.0,
        0.0,
        0.0,
        0.0,
        0.0,
        0.0
      ],
      [
        0.0,
        -0.0,
        0.8164965809,
        -0.4082482905,
        -0.4082482905,
        0.0,
        0.0,
        0.0,
        0.0,
        0.0,
        0.0
      ],
      [
        0.0,
        -0.0,
        -0.0,
        -0.7071067812,
        0.7071067812,
        -0.0,
        0.0,
        0.0,
        0.0,
        0.0,
        0.0
      ],
      [
        0.0,
        0.0,
        0.0,
        0.0,
        0.0,
        -0.4082482905,
        -0.4082482905,
        -0.4082482905,
        0.4082482905,
        0.4082482905,
        0.4082482905
      ],
      [
        -0.0,
        -0.0,
        0.0,
        -0.0,
        0.0,
        0.8164965809,
        -0.4082482905,
        -0.4082482905,
        -0.0,
        -0.0,
        -0.0
      ],
      [
        -0.0,
        0.0,
        0.0,
        -0.0,
        0.0,
        0.0,
        -0.7071067812,
        0.7071067812,
        -0.0,
        -0.0,
        -0.0
      ],
      [
        0.0,
        -0.0,
        0.0,
        -0.0,
        0.0,
        -0.0,
        0.0,
        -0.0,
        0.8164965809,
        -0.4082482905,
        -0.4082482905
      ],
      [
        0.0,
        0.0,
        0.0,
        -0.0,
        0.0,
        0.0,
        0.0,
        0.0,
        -0.0,
        -0.7071067812,
        0.7071067812
      ]
    ],
    "5": [
      [
        -0.4472135955,
        -0.4472135955,
        -0.4472135955,
        -0.4472135955,
        -0.4472135955
      ],
      [
        -0.5477225575,
        -0.5477225575,
        0.3651483717,
        0.3651483717,
        0.3651483717
      ],
      [
        0.7071067812,
        -0.7071067812,
        0.0,
        -0.0,
        -0.0
      ],
      [
        -0.0,
        0.0,
        0.8164965809,
        -0.4082482905,
        -0.4082482905
      ],
      [
        0.0,
        0.0,
        -0.0,
        -0.7071067812,
        0.7071067812
      ]
    ],
    "3": [
      [
        -0.5773502692,
        -0.5773502692,
        -0.5773502692
      ],
      [
        0.8164965809,
        -0.4082482905,
        -0.4082482905
      ],
      [
        -0.0,
        -0.7071067812,
        0.7071067812
      ]
    ]
  },
  "info": "Explicit 1-D orthonormal basis vectors for haar. Use outer-product to form 2-D kernels when needed."
}